year,papers,benchmark_papers,benchmark_share
2021,1271,302,23.760818253343825
2022,1376,383,27.834302325581394
2023,2106,651,30.91168091168091
2024,2271,748,32.937032144429764
