year,venue,papers,benchmark_papers,benchmark_share
2021,Findings,424,111,26.179245283018872
2021,Main,847,191,22.55017709563164
2022,Findings,548,143,26.094890510948904
2022,Main,828,240,28.985507246376812
2023,Findings,1059,302,28.517469310670446
2023,Main,1047,349,33.33333333333333
2024,Findings,1003,358,35.69292123629113
2024,Main,1268,390,30.757097791798106
